{
  "accuracy": 0.45703125,
  "params": {
    "lr": 3.710542498134824e-05,
    "lambda_gp": 7,
    "critic_steps": 5,
    "mu": 0.7015403558136896,
    "cri_hid": 256,
    "cls_hid": 256
  }
}